{"cameraMode":{"drawMode":0,"name":"Shaded","section":"Shading Mode"},"sceneLighting":true,"audioPlay":false,"sceneViewState":{"showFog":true,"showMaterialUpdate":false,"showSkybox":true,"showFlares":true,"showImageEffects":true,"showParticleSystems":true},"in2DMode":false,"pivot":{"x":-1.296032428741455,"y":0.28880470991134646,"z":-0.5538787841796875},"rotation":{"x":-0.013664990663528443,"y":0.9857169389724731,"z":-0.09970728307962418,"w":-0.13508936762809754},"size":9.382582664489746,"orthographic":false}