{"cameraMode":{"drawMode":0,"name":"Shaded","section":"Shading Mode"},"sceneLighting":true,"audioPlay":false,"sceneViewState":{"showFog":true,"showMaterialUpdate":false,"showSkybox":true,"showFlares":true,"showImageEffects":true,"showParticleSystems":true},"in2DMode":false,"pivot":{"x":65.53498840332031,"y":354.989990234375,"z":0.0},"rotation":{"x":0.03405052796006203,"y":0.09125623852014542,"z":-0.0031256021466106178,"w":0.9952402114868164},"size":733.3494873046875,"orthographic":true}