{"cameraMode":{"drawMode":0,"name":"Shaded","section":"Shading Mode"},"sceneLighting":false,"audioPlay":false,"sceneViewState":{"showFog":true,"showMaterialUpdate":false,"showSkybox":false,"showFlares":true,"showImageEffects":true,"showParticleSystems":true},"in2DMode":false,"pivot":{"x":178.01284790039063,"y":364.0472106933594,"z":-8.408382415771485},"rotation":{"x":0.21283942461013795,"y":-0.013190072029829026,"z":0.002873311284929514,"w":0.976993978023529},"size":14.289420127868653,"orthographic":true}