{"cameraMode":{"drawMode":0,"name":"Shaded","section":"Shading Mode"},"sceneLighting":true,"audioPlay":false,"sceneViewState":{"showFog":true,"showMaterialUpdate":false,"showSkybox":true,"showFlares":true,"showImageEffects":true,"showParticleSystems":true},"in2DMode":false,"pivot":{"x":0.26405763626098635,"y":5.100378513336182,"z":38.68000030517578},"rotation":{"x":0.06225631386041641,"y":0.05981884524226189,"z":-0.003578668925911188,"w":0.9962595701217651},"size":1291.2122802734375,"orthographic":true}