{"cameraMode":{"drawMode":0,"name":"Shaded","section":"Shading Mode"},"sceneLighting":true,"audioPlay":false,"sceneViewState":{"showFog":true,"showMaterialUpdate":false,"showSkybox":true,"showFlares":true,"showImageEffects":true,"showParticleSystems":true},"in2DMode":false,"pivot":{"x":488.47259521484377,"y":264.78228759765627,"z":0.33404541015625},"rotation":{"x":0.18018101155757905,"y":-0.08134210109710694,"z":0.014953051693737507,"w":0.9801504015922546},"size":484.0919189453125,"orthographic":false}