{"cameraMode":{"drawMode":0,"name":"Shaded","section":"Shading Mode"},"sceneLighting":false,"audioPlay":false,"sceneViewState":{"showFog":true,"showMaterialUpdate":false,"showSkybox":false,"showFlares":true,"showImageEffects":true,"showParticleSystems":true},"in2DMode":false,"pivot":{"x":289.891357421875,"y":243.2338104248047,"z":164.0},"rotation":{"x":0.18018101155757905,"y":-0.08134210109710694,"z":0.014953051693737507,"w":0.9801504015922546},"size":89.25845336914063,"orthographic":false}