{"cameraMode":{"drawMode":0,"name":"Shaded","section":"Shading Mode"},"sceneLighting":true,"audioPlay":false,"sceneViewState":{"showFog":true,"showMaterialUpdate":false,"showSkybox":true,"showFlares":true,"showImageEffects":true,"showParticleSystems":true},"in2DMode":false,"pivot":{"x":1.1389089822769166,"y":-0.42750465869903567,"z":49.38213348388672},"rotation":{"x":-0.10977625101804733,"y":-0.21961522102355958,"z":0.02488207258284092,"w":-0.9690713882446289},"size":27.63808250427246,"orthographic":true}